<application>
  <component name="com.intellij.ide.ui.customization.CustomActionsSchema">
    <group value="AtomFileIcons.Actions" is_group="true" forse_popup="false" action_type="-1" position="7">
      <path value="root" />
      <path value="Main Toolbar" />
      <path value="Right" />
      <option name="myInitialPosition" value="-1" />
    </group>
    <group value="AtomFileIcons.OldToolbar" is_group="true" forse_popup="false" action_type="-1" position="6">
      <path value="root" />
      <path value="Main Toolbar" />
      <path value="Right" />
      <option name="myInitialPosition" value="-1" />
    </group>
    <group value="CodeWithMeToolbarGroupNewUi" is_group="true" forse_popup="false" action_type="-1" position="3">
      <path value="root" />
      <path value="Main Toolbar" />
      <path value="Right" />
      <option name="myInitialPosition" value="-1" />
    </group>
    <group value="VimFindActionIdAction" is_action="true" action_type="1" position="5">
      <path value="root" />
      <path value="Main Toolbar" />
      <path value="Right" />
      <option name="myInitialPosition" value="-1" />
    </group>
    <action id="VimFindActionIdAction" icon="jar:file:/Users/codyh/Library/Application%20Support/JetBrains/IntelliJIdea2023.2/plugins/Atom%20Material%20Icons/lib/common.jar!/icons/expui/toolbar/unknown.svg" />
  </component>
</application>